p_pdb_id,q_pdb_id,Residue length,RMSD,RMSDh,c,hinge_cnt,hinge_index,exec_time (s)
1CBU_B,1C9K_B,180,3.10928,0.538747,29.1109,4,33 : 36 : 48 : 53,0.0171103
3HVP_A,4HVP_A,97,1.24525,0.727012,25.6451,2,45 : 57,0.00506481
1LDM_A,6LDH_A,329,1.78855,0.649271,32.4917,5,97 : 109 : 122 : 306 : 325,0.0503759
149L_A,1L53_A,164,1.87039,0.532229,28.589,2,12 : 76,0.0132992
1BPD_A,2BPG_A,324,10.3346,0.860313,32.4059,3,83 : 140 : 253,0.0515686
1EZM_A,1U4G_A,298,1.21868,0.6378,31.937,1,134,0.0443333
3ENL_A,1EBG_A,436,1.4646,0.509456,34.0702,6,37 : 42 : 155 : 168 : 251 : 341,0.0912487
1GGG_A,1WDN_A,220,5.33802,0.635134,30.2358,4,85 : 98 : 106 : 179,0.0233788
1LFG_A,1LFH_A,691,6.42856,0.537984,36.6517,6,4 : 92 : 251 : 333 : 418 : 423,0.239099
2LAO_A,1LST_A,238,4.69882,0.477697,30.6766,2,91 : 192,0.0279619
1URP_A,2DRI_A,271,4.06192,0.541615,31.4045,2,103 : 235,0.0366918
4TNC_A,2TN4_A,155,3.72615,0.760864,28.2726,6,34 : 39 : 62 : 70 : 105 : 136,0.0114463
