p_pdb_id,q_pdb_id,Residue length,RMSD,RMSDh,c,hinge_cnt,hinge_index,exec_time (s)
1CBU_B,1C9K_B,180,3.10928,0.474724,11.2117,5,33 : 36 : 46 : 51 : 54,0.00153469
3HVP_A,4HVP_A,97,1.24525,0.727012,11.2117,2,45 : 57,0.00100418
1LDM_A,6LDH_A,329,1.78855,0.534409,11.2117,8,97 : 109 : 122 : 215 : 218 : 306 : 324 : 327,0.00390894
149L_A,1L53_A,164,1.87039,0.532229,11.2117,2,12 : 76,0.00164194
1BPD_A,2BPG_A,324,10.3346,0.798726,11.2117,5,83 : 140 : 253 : 292 : 297,0.00376806
1EZM_A,1U4G_A,298,1.21868,0.430429,11.2117,5,84 : 99 : 115 : 120 : 136,0.00355774
3ENL_A,1EBG_A,436,1.4646,0.358762,11.2117,9,36 : 39 : 43 : 155 : 170 : 214 : 243 : 280 : 345,0.00506394
1GGG_A,1WDN_A,220,5.33802,0.538349,11.2117,5,85 : 99 : 102 : 107 : 179,0.00260652
1LFG_A,1LFH_A,691,6.42856,0.458658,11.2117,9,4 : 92 : 251 : 330 : 342 : 418 : 421 : 424 : 605,0.00877292
2LAO_A,1LST_A,238,4.69882,0.427926,11.2117,3,91 : 162 : 192,0.00319571
1URP_A,2DRI_A,271,4.06192,0.390987,11.2117,4,36 : 103 : 235 : 263,0.00396163
4TNC_A,2TN4_A,155,3.72615,0.473679,11.2117,9,26 : 35 : 40 : 62 : 70 : 87 : 105 : 124 : 136,0.00193494
