p_pdb_id,q_pdb_id,Residue length,RMSD,RMSDh,hinge_cnt,hinge_index,exec_time (s)
1cbu,1c9k,180,3.10928,0.747159,3,35 : 48 : 53,0.0447279
3hvp,4hvp,97,1.24525,1.10663,1,34,0.00485522
1ldm,6ldh,329,1.78855,1.14354,2,98 : 110,0.100747
149l,1l53,164,1.87039,0.860713,1,75,0.0134505
1bpd,2bpg,324,10.3346,1.04415,2,84 : 253,0.102176
1ezm,1u4g,298,1.21868,0.6378,1,134,0.0447805
3enl,1ebg,436,1.4646,0.431873,7,36 : 39 : 43 : 155 : 168 : 251 : 341,0.631422
1ggg,1wdn,220,5.33802,0.928338,2,85 : 179,0.0467038
1lfg,1lfh,691,6.42856,1.15033,2,92 : 251,0.478623
2lao,1lst,238,4.69882,0.477697,2,91 : 192,0.0561437
1urp,2dri,271,4.06192,0.541615,2,103 : 235,0.0736907
4tnc,2tn4,155,3.72615,1.20379,3,37 : 67 : 108,0.0337673
