p_pdb,q_pdb,execution_time
1cbu_B,1c9k_B,0.07640647888183594
3hvp_A,4hvp_A,0.06719064712524414
1ldm_A,6ldh_A,0.0519290008
149l_A,1l53_A,0.00755799934
1bpd_A,2bpg_A,0.0261310004
1ezm_A,1u4g_A,0.0188229997
3enl_A,1ebg_A,0.0468199998
1ggg_A,1wdn_A,0.05748915672302246
1lfg_A,1lfh_A,0.0867949948
2lao_A,1lst_A,0.0127540007
1urp_A,2dri_A,0.0113430005
4tnc_A,2tn4_A,0.05456995964050293
